<?xml version="1.0" encoding="utf-8"?>
<!--
- phpMyAdmin XML Dump
- version 4.8.3
- https://www.phpmyadmin.net
-
- Host: 127.0.0.1
- Generation Time: Nov 11, 2018 at 09:13 PM
- Server version: 10.1.35-MariaDB
- PHP Version: 7.2.9
-->

<pma_xml_export version="1.0" xmlns:pma="https://www.phpmyadmin.net/some_doc_url/">
    <!--
    - Structure schemas
    -->
    <pma:structure_schemas>
        <pma:database name="jasmig" collation="latin1_swedish_ci" charset="latin1">
            <pma:table name="deliveries">
                CREATE TABLE `deliveries` (
                  `projid` varchar(8) NOT NULL,
                  `projname` varchar(500) NOT NULL,
                  `projmcw` varchar(500) NOT NULL,
                  `dlitem` varchar(500) NOT NULL,
                  `dlquantity` varchar(500) NOT NULL,
                  `dlintended` varchar(500) NOT NULL,
                  `dlremarka` varchar(500) NOT NULL,
                  `dldatetaken` timestamp NOT NULL DEFAULT CURRENT_TIMESTAMP
                ) ENGINE=InnoDB DEFAULT CHARSET=latin1;
            </pma:table>
            <pma:table name="logbook">
                CREATE TABLE `logbook` (
                  `projid` varchar(8) NOT NULL,
                  `projname` varchar(500) NOT NULL,
                  `projmcw` varchar(500) NOT NULL,
                  `projdatenow` date NOT NULL,
                  `projweather` varchar(255) NOT NULL,
                  `projchecker` varchar(500) NOT NULL,
                  `projdatetime` timestamp NOT NULL DEFAULT CURRENT_TIMESTAMP
                ) ENGINE=InnoDB DEFAULT CHARSET=latin1;
            </pma:table>
            <pma:table name="mcw">
                CREATE TABLE `mcw` (
                  `id` int(8) NOT NULL AUTO_INCREMENT,
                  `mcwa` varchar(50) NOT NULL,
                  `mcwb` varchar(50) NOT NULL,
                  `mcwc` varchar(50) NOT NULL,
                  UNIQUE KEY `id` (`id`)
                ) ENGINE=InnoDB AUTO_INCREMENT=40 DEFAULT CHARSET=latin1;
            </pma:table>
            <pma:table name="progress">
                CREATE TABLE `progress` (
                  `projid` varchar(500) NOT NULL,
                  `projname` varchar(500) NOT NULL,
                  `projmcw` varchar(500) NOT NULL,
                  `progdate` date NOT NULL,
                  `progrowstart` date NOT NULL,
                  `progrowend` timestamp NOT NULL DEFAULT CURRENT_TIMESTAMP ON UPDATE CURRENT_TIMESTAMP,
                  `progtcpstart` date NOT NULL,
                  `progtcpend` timestamp NOT NULL DEFAULT '0000-00-00 00:00:00',
                  `progpipestart` date NOT NULL,
                  `progpipeend` timestamp NOT NULL DEFAULT '0000-00-00 00:00:00',
                  `progpolestart` date NOT NULL,
                  `progpoleend` timestamp NOT NULL DEFAULT '0000-00-00 00:00:00'
                ) ENGINE=InnoDB DEFAULT CHARSET=latin1;
            </pma:table>
            <pma:table name="project">
                CREATE TABLE `project` (
                  `projid` varchar(8) NOT NULL,
                  `projname` varchar(500) NOT NULL,
                  `projclient` varchar(255) NOT NULL,
                  `projmanager` varchar(255) NOT NULL,
                  `projchecker` varchar(255) NOT NULL,
                  `projengineer` varchar(255) NOT NULL,
                  `projbudget` decimal(65,2) NOT NULL,
                  `projlocation` varchar(255) NOT NULL,
                  `projstart` date NOT NULL,
                  `projend` date NOT NULL,
                  `projmcw` varchar(500) NOT NULL,
                  `projdimension` varchar(255) NOT NULL,
                  `projdate_added` timestamp NOT NULL DEFAULT CURRENT_TIMESTAMP,
                  `projend_actual` date NOT NULL,
                  KEY `projid` (`projid`)
                ) ENGINE=InnoDB DEFAULT CHARSET=latin1;
            </pma:table>
            <pma:table name="requisition">
                CREATE TABLE `requisition` (
                  `prno` varchar(8) NOT NULL,
                  `projchecker` varchar(500) NOT NULL,
                  `projdatenow` date NOT NULL,
                  `projid` varchar(8) NOT NULL,
                  `projname` varchar(500) NOT NULL,
                  `projmcw` varchar(500) NOT NULL,
                  `prdeptproj` varchar(500) NOT NULL,
                  `prdate_need` date NOT NULL,
                  `pritem` varchar(500) NOT NULL,
                  `prquantity` varchar(500) NOT NULL,
                  `printended` varchar(500) NOT NULL,
                  `prremarka` varchar(500) NOT NULL,
                  `prrequestby` varchar(500) NOT NULL,
                  `prnoted` varchar(500) NOT NULL,
                  `prapproved` varchar(500) NOT NULL,
                  `prremarkb` varchar(500) NOT NULL,
                  `projdatetime` timestamp NOT NULL DEFAULT CURRENT_TIMESTAMP
                ) ENGINE=InnoDB DEFAULT CHARSET=latin1;
            </pma:table>
            <pma:table name="users">
                CREATE TABLE `users` (
                  `id` int(10) NOT NULL AUTO_INCREMENT,
                  `username` varchar(255) NOT NULL,
                  `first_name` varchar(255) NOT NULL,
                  `middle_name` varchar(255) NOT NULL,
                  `last_name` varchar(255) NOT NULL,
                  `password` varchar(255) NOT NULL,
                  `position` varchar(255) NOT NULL,
                  `email` varchar(255) NOT NULL,
                  `phone` varchar(20) NOT NULL,
                  `address` varchar(255) NOT NULL,
                  `avatar` varchar(255) NOT NULL,
                  `account_date` timestamp NOT NULL DEFAULT CURRENT_TIMESTAMP ON UPDATE CURRENT_TIMESTAMP,
                  `offadd` varchar(500) NOT NULL,
                  `client` varchar(500) NOT NULL,
                  UNIQUE KEY `username` (`username`),
                  UNIQUE KEY `id` (`id`)
                ) ENGINE=InnoDB AUTO_INCREMENT=10 DEFAULT CHARSET=latin1;
            </pma:table>
        </pma:database>
    </pma:structure_schemas>

    <!--
    - Database: 'jasmig'
    -->
    <database name="jasmig">
        <!-- Table deliveries -->
        <table name="deliveries">
            <column name="projid">00000000</column>
            <column name="projname">TEST.1</column>
            <column name="projmcw">Bridges-Construction-Concrete</column>
            <column name="dlitem">nails</column>
            <column name="dlquantity">10 kilos</column>
            <column name="dlintended">hahaha</column>
            <column name="dlremarka">hahaha</column>
            <column name="dldatetaken">2018-11-11 00:00:00</column>
        </table>
        <!-- Table logbook -->
        <table name="logbook">
            <column name="projid">14D00023</column>
            <column name="projname">WIDENING OF MANILA-BATANGAS ROAD 2ND L.D. INCLUDING DRAINAGE SYSTEM</column>
            <column name="projmcw">Roads-New Construction-PCCP</column>
            <column name="projdatenow">2018-11-07</column>
            <column name="projweather">cloudy</column>
            <column name="projchecker">Jimuel Paulite Chavez</column>
            <column name="projdatetime">2018-11-07 21:56:40</column>
        </table>
        <table name="logbook">
            <column name="projid">14D00023</column>
            <column name="projname">WIDENING OF MANILA-BATANGAS ROAD 2ND L.D. INCLUDING DRAINAGE SYSTEM</column>
            <column name="projmcw">Roads-New Construction-PCCP</column>
            <column name="projdatenow">2018-11-07</column>
            <column name="projweather">cloudy</column>
            <column name="projchecker">Jimuel Paulite Chavez</column>
            <column name="projdatetime">2018-11-07 21:57:39</column>
        </table>
        <table name="logbook">
            <column name="projid">14D00023</column>
            <column name="projname">WIDENING OF MANILA-BATANGAS ROAD 2ND L.D. INCLUDING DRAINAGE SYSTEM</column>
            <column name="projmcw">Roads-New Construction-PCCP</column>
            <column name="projdatenow">2018-11-07</column>
            <column name="projweather">overcast</column>
            <column name="projchecker">Jimuel Paulite Chavez</column>
            <column name="projdatetime">2018-11-07 22:03:36</column>
        </table>
        <table name="logbook">
            <column name="projid">14D00023</column>
            <column name="projname">WIDENING OF MANILA-BATANGAS ROAD 2ND L.D. INCLUDING DRAINAGE SYSTEM</column>
            <column name="projmcw">Roads-New Construction-PCCP</column>
            <column name="projdatenow">2018-11-07</column>
            <column name="projweather">rainy</column>
            <column name="projchecker">Jimuel Paulite Chavez</column>
            <column name="projdatetime">2018-11-07 22:07:31</column>
        </table>
        <table name="logbook">
            <column name="projid">14D00023</column>
            <column name="projname">WIDENING OF MANILA-BATANGAS ROAD 2ND L.D. INCLUDING DRAINAGE SYSTEM</column>
            <column name="projmcw">Roads-New Construction-PCCP</column>
            <column name="projdatenow">2018-11-11</column>
            <column name="projweather"></column>
            <column name="projchecker">Jimuel Paulite Chavez</column>
            <column name="projdatetime">2018-11-11 15:08:06</column>
        </table>
        <table name="logbook">
            <column name="projid">14D00023</column>
            <column name="projname">WIDENING OF MANILA-BATANGAS ROAD 2ND L.D. INCLUDING DRAINAGE SYSTEM</column>
            <column name="projmcw">Roads-New Construction-PCCP</column>
            <column name="projdatenow">2018-11-11</column>
            <column name="projweather">overcast</column>
            <column name="projchecker">Jimuel Paulite Chavez</column>
            <column name="projdatetime">2018-11-11 15:08:23</column>
        </table>
        <table name="logbook">
            <column name="projid">14D00023</column>
            <column name="projname">WIDENING OF MANILA-BATANGAS ROAD 2ND L.D. INCLUDING DRAINAGE SYSTEM</column>
            <column name="projmcw">Roads-New Construction-PCCP</column>
            <column name="projdatenow">2018-11-11</column>
            <column name="projweather">overcast</column>
            <column name="projchecker">Jimuel Paulite Chavez</column>
            <column name="projdatetime">2018-11-11 15:09:57</column>
        </table>
        <table name="logbook">
            <column name="projid">14D00023</column>
            <column name="projname">WIDENING OF MANILA-BATANGAS ROAD 2ND L.D. INCLUDING DRAINAGE SYSTEM</column>
            <column name="projmcw">Roads-New Construction-PCCP</column>
            <column name="projdatenow">2018-11-11</column>
            <column name="projweather">cloudy</column>
            <column name="projchecker">Jimuel Paulite Chavez</column>
            <column name="projdatetime">2018-11-11 15:13:20</column>
        </table>
        <table name="logbook">
            <column name="projid">14D00023</column>
            <column name="projname">WIDENING OF MANILA-BATANGAS ROAD 2ND L.D. INCLUDING DRAINAGE SYSTEM</column>
            <column name="projmcw">Roads-New Construction-PCCP</column>
            <column name="projdatenow">2018-11-11</column>
            <column name="projweather">cloudy</column>
            <column name="projchecker">Jimuel Paulite Chavez</column>
            <column name="projdatetime">2018-11-11 15:17:46</column>
        </table>
        <table name="logbook">
            <column name="projid">14D00023</column>
            <column name="projname">WIDENING OF MANILA-BATANGAS ROAD 2ND L.D. INCLUDING DRAINAGE SYSTEM</column>
            <column name="projmcw">Roads-New Construction-PCCP</column>
            <column name="projdatenow">2018-11-11</column>
            <column name="projweather">overcast</column>
            <column name="projchecker">Jimuel Paulite Chavez</column>
            <column name="projdatetime">2018-11-11 15:19:18</column>
        </table>
        <table name="logbook">
            <column name="projid">14D00023</column>
            <column name="projname">WIDENING OF MANILA-BATANGAS ROAD 2ND L.D. INCLUDING DRAINAGE SYSTEM</column>
            <column name="projmcw">Roads-New Construction-PCCP</column>
            <column name="projdatenow">2018-11-11</column>
            <column name="projweather">cloudy</column>
            <column name="projchecker">Jimuel Paulite Chavez</column>
            <column name="projdatetime">0000-00-00 00:00:00</column>
        </table>
        <table name="logbook">
            <column name="projid">14D00023</column>
            <column name="projname">WIDENING OF MANILA-BATANGAS ROAD 2ND L.D. INCLUDING DRAINAGE SYSTEM</column>
            <column name="projmcw">Roads-New Construction-PCCP</column>
            <column name="projdatenow">2018-11-11</column>
            <column name="projweather">overcast</column>
            <column name="projchecker">Jimuel Paulite Chavez</column>
            <column name="projdatetime">2018-11-11 16:58:41</column>
        </table>
        <table name="logbook">
            <column name="projid">14D00023</column>
            <column name="projname">WIDENING OF MANILA-BATANGAS ROAD 2ND L.D. INCLUDING DRAINAGE SYSTEM</column>
            <column name="projmcw">Roads-New Construction-PCCP</column>
            <column name="projdatenow">2018-11-11</column>
            <column name="projweather">cloudy</column>
            <column name="projchecker">Jimuel Paulite Chavez</column>
            <column name="projdatetime">2018-11-11 18:14:30</column>
        </table>
        <table name="logbook">
            <column name="projid">14D00023</column>
            <column name="projname">WIDENING OF MANILA-BATANGAS ROAD 2ND L.D. INCLUDING DRAINAGE SYSTEM</column>
            <column name="projmcw">Roads-New Construction-PCCP</column>
            <column name="projdatenow">2018-11-11</column>
            <column name="projweather">cloudy</column>
            <column name="projchecker">Jimuel Paulite Chavez</column>
            <column name="projdatetime">2018-11-11 18:17:47</column>
        </table>
        <table name="logbook">
            <column name="projid">14D00023</column>
            <column name="projname">WIDENING OF MANILA-BATANGAS ROAD 2ND L.D. INCLUDING DRAINAGE SYSTEM</column>
            <column name="projmcw">Roads-New Construction-PCCP</column>
            <column name="projdatenow">2018-11-11</column>
            <column name="projweather">overcast</column>
            <column name="projchecker">Jimuel Paulite Chavez</column>
            <column name="projdatetime">2018-11-11 18:18:40</column>
        </table>
        <table name="logbook">
            <column name="projid">14D00023</column>
            <column name="projname">WIDENING OF MANILA-BATANGAS ROAD 2ND L.D. INCLUDING DRAINAGE SYSTEM</column>
            <column name="projmcw">Roads-New Construction-PCCP</column>
            <column name="projdatenow">2018-11-11</column>
            <column name="projweather">rainy</column>
            <column name="projchecker">Jimuel Paulite Chavez</column>
            <column name="projdatetime">2018-11-11 18:19:32</column>
        </table>
        <table name="logbook">
            <column name="projid">14D00023</column>
            <column name="projname">WIDENING OF MANILA-BATANGAS ROAD 2ND L.D. INCLUDING DRAINAGE SYSTEM</column>
            <column name="projmcw">Roads-New Construction-PCCP</column>
            <column name="projdatenow">2018-11-11</column>
            <column name="projweather">rainy</column>
            <column name="projchecker">Jimuel Paulite Chavez</column>
            <column name="projdatetime">2018-11-11 18:20:14</column>
        </table>
        <table name="logbook">
            <column name="projid">14D00023</column>
            <column name="projname">WIDENING OF MANILA-BATANGAS ROAD 2ND L.D. INCLUDING DRAINAGE SYSTEM</column>
            <column name="projmcw">Roads-New Construction-PCCP</column>
            <column name="projdatenow">2018-11-11</column>
            <column name="projweather">rainy</column>
            <column name="projchecker">Jimuel Paulite Chavez</column>
            <column name="projdatetime">2018-11-11 18:30:10</column>
        </table>
        <table name="logbook">
            <column name="projid">00000000</column>
            <column name="projname">TEST.1</column>
            <column name="projmcw">Bridges-Construction-Concrete</column>
            <column name="projdatenow">2018-11-11</column>
            <column name="projweather">cloudy</column>
            <column name="projchecker">Jimuel Paulite Chavez</column>
            <column name="projdatetime">2018-11-11 22:06:48</column>
        </table>
        <!-- Table mcw -->
        <table name="mcw">
            <column name="id">1</column>
            <column name="mcwa">Buildings</column>
            <column name="mcwb">Industrial Plant</column>
            <column name="mcwc">LOW rise</column>
        </table>
        <table name="mcw">
            <column name="id">2</column>
            <column name="mcwa">Flood Control</column>
            <column name="mcwb">Hydraulics</column>
            <column name="mcwc">Drainage</column>
        </table>
        <table name="mcw">
            <column name="id">3</column>
            <column name="mcwa">Roads</column>
            <column name="mcwb">New Construction</column>
            <column name="mcwc">PCCP</column>
        </table>
        <table name="mcw">
            <column name="id">4</column>
            <column name="mcwa">Buildings</column>
            <column name="mcwb">Industrial Plant</column>
            <column name="mcwc">LOW Rise</column>
        </table>
        <table name="mcw">
            <column name="id">5</column>
            <column name="mcwa">Roads</column>
            <column name="mcwb">Rehabilitation</column>
            <column name="mcwc">PCCP</column>
        </table>
        <table name="mcw">
            <column name="id">6</column>
            <column name="mcwa">Flood Control</column>
            <column name="mcwb">Hydraulics</column>
            <column name="mcwc">Drainage</column>
        </table>
        <table name="mcw">
            <column name="id">7</column>
            <column name="mcwa">Roads</column>
            <column name="mcwb">New Construction</column>
            <column name="mcwc">PCCP</column>
        </table>
        <table name="mcw">
            <column name="id">8</column>
            <column name="mcwa">Roads</column>
            <column name="mcwb">New Construction</column>
            <column name="mcwc">PCCP</column>
        </table>
        <table name="mcw">
            <column name="id">9</column>
            <column name="mcwa">Bridges</column>
            <column name="mcwb">Construction</column>
            <column name="mcwc">With Bored Piles</column>
        </table>
        <table name="mcw">
            <column name="id">10</column>
            <column name="mcwa">Flood Control</column>
            <column name="mcwb">Hydraulics</column>
            <column name="mcwc">River Control</column>
        </table>
        <table name="mcw">
            <column name="id">11</column>
            <column name="mcwa">Roads</column>
            <column name="mcwb">Rehabilitation</column>
            <column name="mcwc">PCCP</column>
        </table>
        <table name="mcw">
            <column name="id">12</column>
            <column name="mcwa">Buildings</column>
            <column name="mcwb">Industrial Plant</column>
            <column name="mcwc">LOW Rise</column>
        </table>
        <table name="mcw">
            <column name="id">13</column>
            <column name="mcwa">Bridges</column>
            <column name="mcwb">Construction</column>
            <column name="mcwc">Concrete</column>
        </table>
        <table name="mcw">
            <column name="id">14</column>
            <column name="mcwa">Flood Control</column>
            <column name="mcwb">Hydraulics</column>
            <column name="mcwc">Drainage</column>
        </table>
        <table name="mcw">
            <column name="id">15</column>
            <column name="mcwa">Roads</column>
            <column name="mcwb">Rehabilitation</column>
            <column name="mcwc">PCCP</column>
        </table>
        <table name="mcw">
            <column name="id">16</column>
            <column name="mcwa">Roads</column>
            <column name="mcwb">New Construction</column>
            <column name="mcwc">PCCP</column>
        </table>
        <table name="mcw">
            <column name="id">17</column>
            <column name="mcwa">Buildings</column>
            <column name="mcwb">Industrial Plant</column>
            <column name="mcwc">LOW Rise</column>
        </table>
        <table name="mcw">
            <column name="id">18</column>
            <column name="mcwa">Bridges</column>
            <column name="mcwb">Rehabilitation</column>
            <column name="mcwc">Retrofitting</column>
        </table>
        <table name="mcw">
            <column name="id">19</column>
            <column name="mcwa">Roads</column>
            <column name="mcwb">Rehabilitation</column>
            <column name="mcwc">PCCP</column>
        </table>
        <table name="mcw">
            <column name="id">20</column>
            <column name="mcwa">Roads</column>
            <column name="mcwb">Rehabilitation</column>
            <column name="mcwc">PCCP</column>
        </table>
        <table name="mcw">
            <column name="id">21</column>
            <column name="mcwa">Flood Control</column>
            <column name="mcwb">Hydraulics</column>
            <column name="mcwc">Drainage</column>
        </table>
        <table name="mcw">
            <column name="id">22</column>
            <column name="mcwa">Roads</column>
            <column name="mcwb">New Construction</column>
            <column name="mcwc">PCCP</column>
        </table>
        <table name="mcw">
            <column name="id">23</column>
            <column name="mcwa">Buildings</column>
            <column name="mcwb">Industrial Plant</column>
            <column name="mcwc">LOW Rise</column>
        </table>
        <table name="mcw">
            <column name="id">24</column>
            <column name="mcwa">Roads</column>
            <column name="mcwb">New Construction</column>
            <column name="mcwc">PCCP</column>
        </table>
        <table name="mcw">
            <column name="id">25</column>
            <column name="mcwa">Flood Control</column>
            <column name="mcwb">Hydraulics</column>
            <column name="mcwc">Water Supply</column>
        </table>
        <table name="mcw">
            <column name="id">26</column>
            <column name="mcwa">Roads</column>
            <column name="mcwb">New Construction</column>
            <column name="mcwc">PCCP</column>
        </table>
        <table name="mcw">
            <column name="id">27</column>
            <column name="mcwa">Flood Control</column>
            <column name="mcwb">Hydraulics</column>
            <column name="mcwc">Drainage</column>
        </table>
        <table name="mcw">
            <column name="id">28</column>
            <column name="mcwa">Roads</column>
            <column name="mcwb">New Construction</column>
            <column name="mcwc">PCCP</column>
        </table>
        <table name="mcw">
            <column name="id">29</column>
            <column name="mcwa">Bridges</column>
            <column name="mcwb">Rehabilitation</column>
            <column name="mcwc">Concrete</column>
        </table>
        <table name="mcw">
            <column name="id">30</column>
            <column name="mcwa">Flood Control</column>
            <column name="mcwb">Hydraulics</column>
            <column name="mcwc">Drainage</column>
        </table>
        <table name="mcw">
            <column name="id">31</column>
            <column name="mcwa">Roads</column>
            <column name="mcwb">Rehabilitation</column>
            <column name="mcwc">PCCP</column>
        </table>
        <table name="mcw">
            <column name="id">32</column>
            <column name="mcwa">Flood Control</column>
            <column name="mcwb">Hydraulics</column>
            <column name="mcwc">Drainage</column>
        </table>
        <table name="mcw">
            <column name="id">33</column>
            <column name="mcwa">Roads</column>
            <column name="mcwb">Rehabilitation</column>
            <column name="mcwc">PCCP</column>
        </table>
        <table name="mcw">
            <column name="id">34</column>
            <column name="mcwa">Flood Control</column>
            <column name="mcwb">Hydraulics</column>
            <column name="mcwc">Drainage</column>
        </table>
        <table name="mcw">
            <column name="id">35</column>
            <column name="mcwa">Roads</column>
            <column name="mcwb">New Construction</column>
            <column name="mcwc">PCCP</column>
        </table>
        <table name="mcw">
            <column name="id">36</column>
            <column name="mcwa">Bridges</column>
            <column name="mcwb">Construction</column>
            <column name="mcwc">Steel</column>
        </table>
        <table name="mcw">
            <column name="id">37</column>
            <column name="mcwa">Roads</column>
            <column name="mcwb">New Construction</column>
            <column name="mcwc">PCCP</column>
        </table>
        <table name="mcw">
            <column name="id">38</column>
            <column name="mcwa">Roads</column>
            <column name="mcwb">New Construction</column>
            <column name="mcwc">PCCP</column>
        </table>
        <table name="mcw">
            <column name="id">39</column>
            <column name="mcwa">Roads</column>
            <column name="mcwb">New Construction</column>
            <column name="mcwc">PCCP</column>
        </table>
        <!-- Table progress -->
        <!-- Table project -->
        <table name="project">
            <column name="projid">14DD0058</column>
            <column name="projname">OFF-CARRIAGEWAY IMPVT OF BATANGAS-QUEZON ROAD K0116+663-K0117+582</column>
            <column name="projclient">DPWH - Batangas 4th District Engineering Office</column>
            <column name="projmanager">John Paul Paulite Chavez</column>
            <column name="projchecker">Jimuel Paulite Chavez</column>
            <column name="projengineer">Jerome Paulite Chavez</column>
            <column name="projbudget">768228.00</column>
            <column name="projlocation">Rosario, Batangas</column>
            <column name="projstart">2015-02-05</column>
            <column name="projend">2015-08-05</column>
            <column name="projmcw">Bridges-Construction-Concrete</column>
            <column name="projdimension">5.60 km</column>
            <column name="projdate_added">2018-11-05 15:29:26</column>
            <column name="projend_actual">0000-00-00</column>
        </table>
        <table name="project">
            <column name="projid">14DD0031</column>
            <column name="projname">REPLACEMENT OF LAPU-LAPU BRIDGE INCLUDING APPROACHES ALONG IBAAN-SAN JOSE ROAD</column>
            <column name="projclient">DPWH - Batangas 4th District Engineering Office</column>
            <column name="projmanager">John Paul Paulite Chavez</column>
            <column name="projchecker">Jimuel Paulite Chavez</column>
            <column name="projengineer">Jerome Paulite Chavez</column>
            <column name="projbudget">13486332.00</column>
            <column name="projlocation">Ibaan, Batangas</column>
            <column name="projstart">2014-11-19</column>
            <column name="projend">2015-07-17</column>
            <column name="projmcw">Bridges-Construction-With Bored Piles</column>
            <column name="projdimension">18.00 lm</column>
            <column name="projdate_added">2018-11-05 15:00:17</column>
            <column name="projend_actual">0000-00-00</column>
        </table>
        <table name="project">
            <column name="projid">14DD0027</column>
            <column name="projname">REHAB. OF MPB</column>
            <column name="projclient">DPWH - Batangas 4th District Engineering Office</column>
            <column name="projmanager">John Paul Paulite Chavez</column>
            <column name="projchecker">Jimuel Paulite Chavez</column>
            <column name="projengineer">Jerome Paulite Chavez</column>
            <column name="projbudget">4223009.56</column>
            <column name="projlocation">Brgy. Poblacion, Ibaan, Batangas</column>
            <column name="projstart">2015-01-07</column>
            <column name="projend">2015-05-07</column>
            <column name="projmcw">Buildings-Industrial Plant-Low Rise</column>
            <column name="projdimension">1.00 stories</column>
            <column name="projdate_added">2018-11-05 15:24:34</column>
            <column name="projend_actual">0000-00-00</column>
        </table>
        <table name="project">
            <column name="projid">14DD0058</column>
            <column name="projname">OFF-CARRIAGEWAY IMPVT OF BATANGAS-QUEZON ROAD K0116+663-K0117+582</column>
            <column name="projclient">DPWH - Batangas 4th District Engineering Office</column>
            <column name="projmanager">John Paul Paulite Chavez</column>
            <column name="projchecker">Jimuel Paulite Chavez</column>
            <column name="projengineer">Jerome Paulite Chavez</column>
            <column name="projbudget">12461300.00</column>
            <column name="projlocation">Rosario, Batangas</column>
            <column name="projstart">2015-02-05</column>
            <column name="projend">2015-08-05</column>
            <column name="projmcw">Flood Control-Hydraulics-Drainage</column>
            <column name="projdimension">919.00 lm</column>
            <column name="projdate_added">2018-11-05 15:38:38</column>
            <column name="projend_actual">0000-00-00</column>
        </table>
        <table name="project">
            <column name="projid">14DD0031</column>
            <column name="projname">REPLACEMENT OF LAPU-LAPU VRIDGE INCLUDING APPROACHES ALONG IBAAN-SAN JOSE ROAD</column>
            <column name="projclient">DPWH - Batangas 4th District Engineering Office</column>
            <column name="projmanager">John Paul Paulite Chavez</column>
            <column name="projchecker">Jimuel Paulite Chavez</column>
            <column name="projengineer">Jerome Paulite Chavez</column>
            <column name="projbudget">5140770.00</column>
            <column name="projlocation">Ibaan, Batangas</column>
            <column name="projstart">2014-11-19</column>
            <column name="projend">2015-07-17</column>
            <column name="projmcw">Flood Control-Hydraulics-River Control</column>
            <column name="projdimension">346.14 lm</column>
            <column name="projdate_added">2018-11-05 15:14:52</column>
            <column name="projend_actual">0000-00-00</column>
        </table>
        <table name="project">
            <column name="projid">14D00023</column>
            <column name="projname">WIDENING OF MANILA-BATANGAS ROAD 2ND L.D. INCLUDING DRAINAGE SYSTEM</column>
            <column name="projclient">DPWH-Region IV-A</column>
            <column name="projmanager">John Paul Paulite Chavez</column>
            <column name="projchecker">Jimuel Paulite Chavez</column>
            <column name="projengineer">Jerome Paulite Chavez</column>
            <column name="projbudget">55756196.40</column>
            <column name="projlocation">Batangas Province</column>
            <column name="projstart">2014-10-08</column>
            <column name="projend">2015-07-05</column>
            <column name="projmcw">Roads-New Construction-PCCP</column>
            <column name="projdimension">2.92 km</column>
            <column name="projdate_added">2018-11-05 14:49:48</column>
            <column name="projend_actual">0000-00-00</column>
        </table>
        <table name="project">
            <column name="projid">14DD0031</column>
            <column name="projname">REPLACEMENT OF LAPU-LAPU BRIDGE INCLUDING APPROACHES ALONG IBAAN-SAN JOSE ROAD</column>
            <column name="projclient">DPWH-Batangas 4th District Engineering Office</column>
            <column name="projmanager">John Paul Paulite Chavez</column>
            <column name="projchecker">Jimuel Paulite Chavez</column>
            <column name="projengineer">Jerome Paulite Chavez</column>
            <column name="projbudget">5225810.00</column>
            <column name="projlocation">Ibaan, Batangas</column>
            <column name="projstart">2014-11-19</column>
            <column name="projend">2015-07-17</column>
            <column name="projmcw">Roads-Rehabilitation-PCCP</column>
            <column name="projdimension">0.19 km</column>
            <column name="projdate_added">2018-11-05 15:17:52</column>
            <column name="projend_actual">0000-00-00</column>
        </table>
        <table name="project">
            <column name="projid">00000000</column>
            <column name="projname">TEST.1</column>
            <column name="projclient">Test.1</column>
            <column name="projmanager">John Paul Paulite Chavez</column>
            <column name="projchecker">Jimuel Paulite Chavez</column>
            <column name="projengineer">Jerome Paulite Chavez</column>
            <column name="projbudget">9876543210.00</column>
            <column name="projlocation">Test.1</column>
            <column name="projstart">2018-11-10</column>
            <column name="projend">2018-11-30</column>
            <column name="projmcw">Bridges-Construction-Concrete</column>
            <column name="projdimension">100 km</column>
            <column name="projdate_added">2018-11-10 16:55:48</column>
            <column name="projend_actual">0000-00-00</column>
        </table>
        <table name="project">
            <column name="projid">00000000</column>
            <column name="projname">TEST.2</column>
            <column name="projclient">TEST.2</column>
            <column name="projmanager">John Paul Paulite Chavez</column>
            <column name="projchecker">Jimuel Paulite Chavez</column>
            <column name="projengineer">Jerome Paulite Chavez</column>
            <column name="projbudget">9876543210.00</column>
            <column name="projlocation">Taysan</column>
            <column name="projstart">2018-11-10</column>
            <column name="projend">2018-11-30</column>
            <column name="projmcw">Buildings-Hydraulics-Drainage</column>
            <column name="projdimension">100 km</column>
            <column name="projdate_added">2018-11-10 16:59:56</column>
            <column name="projend_actual">0000-00-00</column>
        </table>
        <table name="project">
            <column name="projid">00000000</column>
            <column name="projname">TEST.3</column>
            <column name="projclient">Test.3</column>
            <column name="projmanager">John Paul Paulite Chavez</column>
            <column name="projchecker">Jimuel Paulite Chavez</column>
            <column name="projengineer">Jerome Paulite Chavez</column>
            <column name="projbudget">9876543210.00</column>
            <column name="projlocation">Taysan</column>
            <column name="projstart">2018-11-10</column>
            <column name="projend">2018-11-30</column>
            <column name="projmcw">Buildings-Hydraulics-Drainage</column>
            <column name="projdimension">100 km</column>
            <column name="projdate_added">2018-11-10 19:26:59</column>
            <column name="projend_actual">0000-00-00</column>
        </table>
        <!-- Table requisition -->
        <table name="requisition">
            <column name="prno">11-11111</column>
            <column name="projchecker">Jimuel Paulite Chavez</column>
            <column name="projdatenow">2018-11-07</column>
            <column name="projid">14D00023</column>
            <column name="projname">WIDENING OF MANILA-BATANGAS ROAD 2ND L.D. INCLUDING DRAINAGE SYSTEM</column>
            <column name="projmcw">Roads-New Construction-PCCP</column>
            <column name="prdeptproj"></column>
            <column name="prdate_need">2018-11-07</column>
            <column name="pritem"></column>
            <column name="prquantity"></column>
            <column name="printended"></column>
            <column name="prremarka"></column>
            <column name="prrequestby">a</column>
            <column name="prnoted">a</column>
            <column name="prapproved">a</column>
            <column name="prremarkb">a</column>
            <column name="projdatetime">2018-11-07 21:57:39</column>
        </table>
        <table name="requisition">
            <column name="prno">22-22222</column>
            <column name="projchecker">Jimuel Paulite Chavez</column>
            <column name="projdatenow">2018-11-07</column>
            <column name="projid">14D00023</column>
            <column name="projname">WIDENING OF MANILA-BATANGAS ROAD 2ND L.D. INCLUDING DRAINAGE SYSTEM</column>
            <column name="projmcw">Roads-New Construction-PCCP</column>
            <column name="prdeptproj"></column>
            <column name="prdate_need">2018-11-07</column>
            <column name="pritem"></column>
            <column name="prquantity"></column>
            <column name="printended"></column>
            <column name="prremarka"></column>
            <column name="prrequestby">HAHAHAHHA</column>
            <column name="prnoted">HAHAHAHHA</column>
            <column name="prapproved">HAHAHAHHA</column>
            <column name="prremarkb">HAHAHAHHA</column>
            <column name="projdatetime">2018-11-07 22:03:36</column>
        </table>
        <table name="requisition">
            <column name="prno">33-33333</column>
            <column name="projchecker">Jimuel Paulite Chavez</column>
            <column name="projdatenow">2018-11-07</column>
            <column name="projid">14D00023</column>
            <column name="projname">WIDENING OF MANILA-BATANGAS ROAD 2ND L.D. INCLUDING DRAINAGE SYSTEM</column>
            <column name="projmcw">Roads-New Construction-PCCP</column>
            <column name="prdeptproj"></column>
            <column name="prdate_need">2018-11-07</column>
            <column name="pritem"></column>
            <column name="prquantity"></column>
            <column name="printended"></column>
            <column name="prremarka"></column>
            <column name="prrequestby">HAHAHAH</column>
            <column name="prnoted">HAHAHAH</column>
            <column name="prapproved">HAHAHAH</column>
            <column name="prremarkb">HAHAHAH</column>
            <column name="projdatetime">2018-11-07 22:07:31</column>
        </table>
        <table name="requisition">
            <column name="prno">44-44444</column>
            <column name="projchecker">Jimuel Paulite Chavez</column>
            <column name="projdatenow">2018-11-11</column>
            <column name="projid">14D00023</column>
            <column name="projname">WIDENING OF MANILA-BATANGAS ROAD 2ND L.D. INCLUDING DRAINAGE SYSTEM</column>
            <column name="projmcw">Roads-New Construction-PCCP</column>
            <column name="prdeptproj"></column>
            <column name="prdate_need">2018-11-14</column>
            <column name="pritem">aaaa</column>
            <column name="prquantity">456</column>
            <column name="printended">aaa</column>
            <column name="prremarka">aaa</column>
            <column name="prrequestby">aaa</column>
            <column name="prnoted">aaa</column>
            <column name="prapproved">aaa</column>
            <column name="prremarkb">aaa</column>
            <column name="projdatetime">2018-11-11 14:15:28</column>
        </table>
        <!-- Table users -->
        <table name="users">
            <column name="id">9</column>
            <column name="username">alyssa</column>
            <column name="first_name">Alyssa Joyce</column>
            <column name="middle_name">Villacorta</column>
            <column name="last_name">Mendoza</column>
            <column name="password">alyssa</column>
            <column name="position">purchasing officer</column>
            <column name="email"></column>
            <column name="phone"></column>
            <column name="address"></column>
            <column name="avatar">default.jpg</column>
            <column name="account_date">2018-11-12 01:05:04</column>
            <column name="offadd"></column>
            <column name="client"></column>
        </table>
        <table name="users">
            <column name="id">8</column>
            <column name="username">donnalyn</column>
            <column name="first_name">Donnalyn</column>
            <column name="middle_name">Jereos</column>
            <column name="last_name">Bartolome</column>
            <column name="password">donnalyn</column>
            <column name="position">client</column>
            <column name="email">donnalyn@gmail.com</column>
            <column name="phone">09555555555</column>
            <column name="address">Manila</column>
            <column name="avatar">003---.gif</column>
            <column name="account_date">2018-11-12 03:46:15</column>
            <column name="offadd">DPWH Batangas City</column>
            <column name="client">DPWH - Batangas 4th District Engineering Office</column>
        </table>
        <table name="users">
            <column name="id">3</column>
            <column name="username">jerome</column>
            <column name="first_name">Jerome</column>
            <column name="middle_name">Paulite</column>
            <column name="last_name">Chavez</column>
            <column name="password">jerome</column>
            <column name="position">project engineer</column>
            <column name="email">jerome@gmail.com</column>
            <column name="phone">09222222222</column>
            <column name="address">Pag-asa, Taysan, Batangas</column>
            <column name="avatar">3297--.jpg</column>
            <column name="account_date">2018-11-05 14:05:41</column>
            <column name="offadd"></column>
            <column name="client"></column>
        </table>
        <table name="users">
            <column name="id">2</column>
            <column name="username">jimuel</column>
            <column name="first_name">Jimuel</column>
            <column name="middle_name">Paulite</column>
            <column name="last_name">Chavez</column>
            <column name="password">jimuel</column>
            <column name="position">checker</column>
            <column name="email">jimuel@gmail.com</column>
            <column name="phone">09777777777</column>
            <column name="address">Pag-asa, Taysan, Batangas</column>
            <column name="avatar">676792-(2)-.jpg</column>
            <column name="account_date">2018-11-06 16:40:21</column>
            <column name="offadd"></column>
            <column name="client"></column>
        </table>
        <table name="users">
            <column name="id">1</column>
            <column name="username">jipedoodles</column>
            <column name="first_name">John Paul</column>
            <column name="middle_name">Paulite</column>
            <column name="last_name">Chavez</column>
            <column name="password">codemaster21</column>
            <column name="position">head manager</column>
            <column name="email">jopapacha21@gmail.com</column>
            <column name="phone">09123456789</column>
            <column name="address">Pag-asa, Taysan, Batangas</column>
            <column name="avatar">default-.jpg</column>
            <column name="account_date">2018-11-11 11:24:21</column>
            <column name="offadd"></column>
            <column name="client"></column>
        </table>
        <table name="users">
            <column name="id">5</column>
            <column name="username">jobert</column>
            <column name="first_name">Jobert</column>
            <column name="middle_name">De Guzman</column>
            <column name="last_name">Gonzales</column>
            <column name="password">jobert</column>
            <column name="position">project engineer</column>
            <column name="email">jobert@gmail.com</column>
            <column name="phone">09444444444</column>
            <column name="address">Bolbok, Batangas City</column>
            <column name="avatar">20180518_194734--.jpg</column>
            <column name="account_date">2018-11-05 14:07:43</column>
            <column name="offadd"></column>
            <column name="client"></column>
        </table>
        <table name="users">
            <column name="id">4</column>
            <column name="username">jonel</column>
            <column name="first_name">Jonel</column>
            <column name="middle_name">Bunyi</column>
            <column name="last_name">Honor</column>
            <column name="password">jonel</column>
            <column name="position">checker</column>
            <column name="email">jonel@gmail.com</column>
            <column name="phone">09333333333</column>
            <column name="address">Batangas City</column>
            <column name="avatar">20180518_194656--.jpg</column>
            <column name="account_date">2018-11-05 14:06:41</column>
            <column name="offadd"></column>
            <column name="client"></column>
        </table>
        <table name="users">
            <column name="id">6</column>
            <column name="username">kier</column>
            <column name="first_name">Kier</column>
            <column name="middle_name">Sy</column>
            <column name="last_name">Espiritu</column>
            <column name="password">kier</column>
            <column name="position">project manager</column>
            <column name="email">kier@gmail.com</column>
            <column name="phone">09888888888</column>
            <column name="address">Batangas City</column>
            <column name="avatar">20180518_194904--.jpg</column>
            <column name="account_date">2018-11-05 16:26:06</column>
            <column name="offadd"></column>
            <column name="client"></column>
        </table>
        <table name="users">
            <column name="id">7</column>
            <column name="username">noah</column>
            <column name="first_name">John</column>
            <column name="middle_name">Noah</column>
            <column name="last_name">Axalan</column>
            <column name="password">noah</column>
            <column name="position">project manager</column>
            <column name="email">noah@gmail.com</column>
            <column name="phone">09666666666</column>
            <column name="address">Batangas</column>
            <column name="avatar">default.jpg</column>
            <column name="account_date">2018-11-12 03:24:30</column>
            <column name="offadd"></column>
            <column name="client"></column>
        </table>
    </database>
</pma_xml_export>